Episode,Episode_Return,Episode_Return_smooth,env_step
1,9.0,9.0,512
2,9.0,9.0,1087
3,18.0,12.0,1087
4,27.0,15.75,1661
5,27.0,18.0,1661
6,35.0,20.833333333333332,2171
7,44.0,24.142857142857142,2746
8,44.0,26.625,2746
9,44.0,28.555555555555557,2746
10,53.0,31.0,3319
11,53.0,33.0,3319
12,35.0,33.166666666666664,3319
13,53.0,34.69230769230769,3319
14,62.0,36.642857142857146,3891
15,18.0,35.4,3891
16,62.0,37.0625,3891
17,71.0,39.05882352941177,4464
18,71.0,40.833333333333336,4464
19,71.0,42.421052631578945,4464
20,71.0,43.85,4464
21,71.0,45.142857142857146,4464
22,71.0,46.31818181818182,4464
23,79.0,47.73913043478261,4970
24,87.0,49.375,5481
25,87.0,50.88,5481
26,96.0,52.61538461538461,6055
27,69.0,53.22222222222222,6055
28,96.0,54.75,6055
29,105.0,56.48275862068966,6628
30,116.0,58.46666666666667,7331
31,116.0,60.32258064516129,7331
32,116.0,62.0625,7331
33,124.0,63.93939393939394,7840
34,62.0,63.88235294117647,8415
35,115.0,65.34285714285714,8415
36,107.0,66.5,8989
37,142.0,68.54054054054055,8989
38,152.0,70.73684210526316,9627
39,152.0,72.82051282051282,9627
40,108.0,73.7,10201
41,161.0,75.82926829268293,10201
42,170.0,78.07142857142857,10775
43,83.0,78.18604651162791,10775
44,118.0,79.0909090909091,11413
45,180.0,81.33333333333333,11413
46,127.0,82.32608695652173,11413
47,136.0,83.46808510638297,11413
48,19.0,82.125,11413
49,38.0,81.22448979591837,11413
50,190.0,83.4,12047
51,57.0,82.88235294117646,12047
52,198.0,85.09615384615384,12557
53,207.0,87.39622641509433,13132
54,207.0,89.61111111111111,13132
55,74.0,89.32727272727273,13132
56,216.0,91.58928571428571,13705
57,154.0,92.6842105263158,14280
58,235.0,95.13793103448276,14919
59,235.0,97.50847457627118,14919
60,244.0,99.95,15493
61,148.0,100.73770491803279,15493
62,254.0,103.20967741935483,16131
63,149.0,103.93650793650794,16131
64,192.0,105.3125,16131
65,254.0,107.6,16131
66,167.0,108.5,16131
67,19.0,107.16417910447761,16131
68,254.0,109.32352941176471,16131
69,209.0,110.76811594202898,16636
70,270.0,113.04285714285714,17147
71,90.0,112.71830985915493,17147
72,217.0,114.16666666666667,17721
73,155.0,114.72602739726027,17721
74,127.0,114.89189189189189,18295
75,181.0,115.77333333333333,18870
76,226.0,117.22368421052632,18870
77,297.0,119.55844155844156,18870
78,190.0,120.46153846153847,19443
79,27.0,119.27848101265823,19443
80,52.0,118.4375,19443
81,135.0,118.64197530864197,20016
82,80.0,118.17073170731707,20591
83,332.0,120.74698795180723,21102
84,332.0,123.26190476190476,21102
85,225.0,124.45882352941176,21676
86,288.0,126.36046511627907,21676
87,341.0,128.82758620689654,21676
88,44.0,127.86363636363636,21676
89,18.0,126.62921348314607,22248
90,18.0,125.42222222222222,22823
91,359.0,127.98901098901099,22823
92,217.0,128.95652173913044,22823
93,263.0,130.3978494623656,22823
94,43.0,129.46808510638297,23331
95,121.0,129.37894736842105,23842
96,114.0,129.21875,24417
97,212.0,130.0721649484536,24928
98,113.0,129.89795918367346,25503
99,374.0,132.36363636363637,25503
100,221.0,133.25,25503
101,401.0,137.17,25503
102,176.0,138.84,25503
103,60.0,139.26,25503
104,10.0,139.09,26137
105,105.0,139.87,26137
106,213.0,141.65,26137
107,411.0,145.32,26137
108,221.0,147.09,26137
109,28.0,146.93,26708
110,36.0,146.76,26708
111,88.0,147.11,26708
112,222.0,148.98,27281
113,28.0,148.73,27281
114,79.0,148.9,27855
115,184.0,150.56,27855
116,168.0,151.62,27855
117,141.0,152.32,27855
118,231.0,153.92,28427
119,27.0,153.48,29002
120,36.0,153.13,29002
121,266.0,155.08,29002
122,464.0,159.01,29511
123,43.0,158.65,30022
124,437.0,162.15,30597
125,52.0,161.8,31172
126,411.0,164.95,31172
127,52.0,164.78,31172
128,70.0,164.52,31172
129,192.0,165.39,31680
130,244.0,166.67,31680
131,500.0,170.51,31806
132,500.0,174.35,31806
133,500.0,178.11,31806
134,500.0,182.49,31806
135,500.0,186.34,31806
136,500.0,190.27,31806
137,500.0,193.85,31806
138,500.0,197.33,31806
139,500.0,200.81,31806
140,97.0,200.7,32318
141,158.0,200.67,32893
142,97.0,199.94,32893
143,8.0,199.19,33403
144,237.0,200.38,33978
145,34.0,198.92,33978
146,289.0,200.54,34552
147,363.0,202.81,34552
148,289.0,205.51,34552
149,308.0,208.21,35125
150,71.0,207.02,35700
151,114.0,207.59,35700
152,354.0,209.15,35700
153,70.0,207.78,36273
154,132.0,207.03,36273
155,80.0,207.09,36273
156,500.0,209.93,36334
157,500.0,213.39,36334
158,500.0,216.04,36334
159,71.0,214.4,36846
160,247.0,214.43,37421
161,177.0,214.72,37421
162,500.0,217.18,37931
163,185.0,217.54,37931
164,44.0,216.06,38506
165,204.0,215.56,38506
166,26.0,214.15,39080
167,470.0,218.66,39591
168,79.0,216.91,39591
169,220.0,217.02,40165
170,70.0,215.02,40165
171,44.0,214.56,40739
172,18.0,212.57,40739
173,343.0,214.45,41313
174,44.0,213.62,41313
175,177.0,213.58,41313
176,500.0,216.32,41502
177,302.0,216.37,42078
178,100.0,215.47,42078
179,500.0,220.2,42652
180,74.0,220.42,42652
181,500.0,224.07,42652
182,172.0,224.99,42652
183,416.0,225.83,42652
184,108.0,223.59,43161
185,500.0,226.34,43288
186,67.0,224.13,43864
187,127.0,221.99,44439
188,28.0,221.83,44439
189,500.0,226.65,45013
190,58.0,227.05,45013
191,217.0,225.63,45013
192,216.0,225.62,45587
193,225.0,225.24,46162
194,85.0,225.66,46162
195,120.0,225.65,46736
196,217.0,226.68,46736
197,500.0,229.56,46798
198,37.0,228.8,47374
199,46.0,225.52,47374
200,209.0,225.4,47884
201,227.0,223.66,47884
202,112.0,223.02,48458
203,500.0,227.42,48521
204,271.0,230.03,49097
205,500.0,233.98,49608
206,290.0,234.75,50184
207,165.0,232.29,50695
208,349.0,233.57,51270
209,377.0,237.06,51909
210,245.0,239.15,51909
211,500.0,243.27,51909
212,253.0,243.58,52419
213,226.0,245.56,52930
214,35.0,245.12,53505
215,439.0,247.67,53505
216,78.0,246.77,53505
217,133.0,246.69,53505
218,69.0,245.07,53505
219,500.0,249.8,53564
220,10.0,249.54,54140
221,500.0,251.88,54140
222,500.0,252.24,54715
223,123.0,253.04,55227
224,500.0,253.67,55227
225,187.0,255.02,55227
226,500.0,255.91,55737
227,350.0,258.89,56313
228,430.0,262.49,56952
229,500.0,265.57,57399
230,500.0,268.13,57399
231,185.0,264.98,57975
232,70.0,260.68,57975
233,158.0,257.26,57975
234,500.0,257.26,58036
235,290.0,255.16,58676
236,142.0,251.58,58676
237,54.0,247.12,58676
238,133.0,243.45,58676
239,421.0,242.66,58676
240,45.0,242.14,59183
241,186.0,242.42,59758
242,88.0,242.33,59758
243,491.0,247.16,60332
244,376.0,248.55,60332
245,491.0,253.12,60332
246,249.0,252.72,60905
247,316.0,252.25,60905
248,456.0,253.92,60905
249,9.0,250.93,60905
250,229.0,252.51,61413
251,151.0,252.88,62052
252,313.0,252.47,62052
253,474.0,256.51,62052
254,500.0,260.19,62497
255,500.0,264.39,63073
256,329.0,262.68,63073
257,150.0,259.18,63073
258,184.0,256.02,63647
259,149.0,256.8,63647
260,43.0,254.76,63647
261,500.0,257.99,63708
262,99.0,253.98,64284
263,88.0,253.01,64284
264,320.0,255.77,64858
265,447.0,258.2,64858
266,28.0,258.22,65496
267,107.0,254.59,65496
268,500.0,258.8,65878
269,133.0,257.93,66454
270,373.0,260.96,66454
271,500.0,265.52,66454
272,500.0,270.34,67028
273,114.0,268.05,67028
274,151.0,269.12,67028
275,44.0,267.79,67666
276,141.0,264.2,67666
277,392.0,265.1,67666
278,63.0,264.73,67666
279,392.0,263.65,68174
280,500.0,267.91,68749
281,345.0,266.36,68749
282,500.0,269.64,69324
283,79.0,266.27,69324
284,46.0,265.65,69963
285,124.0,261.89,69963
286,169.0,262.91,69963
287,29.0,261.93,70600
288,456.0,266.21,70600
289,187.0,263.08,70600
290,100.0,263.5,71237
291,180.0,263.13,71237
292,402.0,264.99,71237
293,99.0,263.73,71810
294,287.0,265.75,71810
295,48.0,265.03,71810
296,38.0,263.24,72383
297,93.0,259.17,72383
298,497.0,263.77,73021
299,279.0,266.1,73021
300,57.0,264.58,73595
301,166.0,263.97,74234
302,113.0,263.98,74234
303,500.0,263.98,74552
304,500.0,266.27,74552
305,339.0,264.66,75128
306,285.0,264.61,75128
307,214.0,265.1,75702
308,500.0,266.61,75765
309,62.0,263.46,76341
310,18.0,261.19,76916
311,145.0,257.64,77427
312,324.0,258.35,78066
313,500.0,261.09,78066
314,79.0,261.53,78066
315,500.0,262.14,78640
316,244.0,263.8,78640
317,393.0,266.4,78640
318,146.0,267.17,78640
319,9.0,262.26,79213
320,296.0,265.12,79213
321,500.0,265.12,79275
322,209.0,262.21,79787
323,190.0,262.88,79787
324,500.0,262.88,80361
325,280.0,263.81,80361
326,18.0,258.99,80936
327,55.0,256.04,81575
328,101.0,252.75,81575
329,370.0,251.45,81575
330,430.0,250.75,82148
331,227.0,251.17,82148
332,181.0,252.28,82148
333,500.0,255.7,82593
334,107.0,251.77,83169
335,306.0,251.93,83169
336,145.0,251.96,83807
337,197.0,253.39,83807
338,500.0,257.06,83807
339,500.0,257.85,83807
340,127.0,258.67,83807
341,91.0,257.72,84444
342,500.0,261.84,84827
343,296.0,259.89,85339
344,437.0,260.5,85914
345,105.0,256.64,86489
346,68.0,254.83,86489
347,86.0,252.53,87063
348,258.0,250.55,87063
349,500.0,255.46,87125
350,500.0,258.17,87637
351,158.0,258.24,88149
352,227.0,257.38,88724
353,61.0,253.25,88724
354,112.0,249.37,88724
355,339.0,247.76,89297
356,35.0,244.82,89872
357,454.0,247.86,89872
358,254.0,248.56,90446
359,53.0,247.6,90446
360,185.0,249.02,90446
361,500.0,249.02,90571
362,457.0,252.6,91211
363,106.0,252.78,91211
364,48.0,250.06,91211
365,207.0,247.66,91848
366,500.0,252.38,92231
367,500.0,256.31,92807
368,500.0,256.31,92807
369,500.0,259.98,93319
370,192.0,258.17,93831
371,50.0,253.67,94406
372,68.0,249.35,94917
373,500.0,253.21,94980
374,500.0,256.7,94980
375,161.0,257.87,95620
376,500.0,261.46,96195
377,126.0,258.8,96771
378,391.0,262.08,97346
379,493.0,263.09,97346
380,500.0,263.09,97408
381,47.0,260.11,97984
382,475.0,259.86,97984
383,294.0,262.01,97984
384,155.0,263.1,98621
385,58.0,262.44,98621
386,500.0,265.75,98939
387,130.0,266.76,99515
388,300.0,265.2,99515
389,282.0,266.15,100153
390,24.0,265.39,100153
391,256.0,266.15,100153
392,71.0,262.84,100153
393,337.0,265.22,100789
394,500.0,267.35,101236
395,418.0,271.05,101812
396,178.0,272.45,101812
397,500.0,276.52,101874
398,480.0,276.35,102450
399,206.0,275.62,102450
400,500.0,280.05,102512
401,153.0,279.92,103088
402,500.0,283.79,103151
403,500.0,283.79,103151
404,500.0,283.79,103727
405,366.0,284.06,103727
406,500.0,286.21,103727
407,244.0,286.51,104302
408,94.0,282.45,104941
409,500.0,286.83,104941
410,19.0,286.84,104941
411,500.0,290.39,105515
412,56.0,287.71,106091
413,359.0,286.3,106091
414,500.0,290.51,106473
415,259.0,288.1,106985
416,372.0,289.38,107560
417,241.0,287.86,108199
418,136.0,287.76,108199
419,169.0,289.36,108199
420,69.0,287.09,108708
421,500.0,287.09,108835
422,500.0,290.0,109347
423,197.0,290.07,109923
424,500.0,290.07,109986
425,199.0,289.26,110690
426,72.0,289.8,110690
427,280.0,292.05,110690
428,500.0,296.04,111135
429,244.0,294.78,111775
430,306.0,293.54,111775
431,191.0,293.18,112349
432,500.0,296.37,112860
433,290.0,294.27,113500
434,173.0,294.93,113500
435,500.0,296.87,114074
436,500.0,300.42,114522
437,500.0,303.45,115098
438,69.0,299.14,115098
439,187.0,296.01,115098
440,277.0,297.51,115672
441,500.0,301.6,115735
442,500.0,301.6,115735
443,500.0,303.64,115735
444,246.0,301.73,116503
445,158.0,302.26,117078
446,373.0,305.31,117653
447,500.0,309.45,117844
448,500.0,311.87,118420
449,260.0,309.47,118420
450,500.0,309.47,118420
451,220.0,310.09,118995
452,500.0,312.82,118995
453,21.0,312.42,118995
454,202.0,313.32,118995
455,500.0,314.93,119056
456,249.0,317.07,119632
457,107.0,313.6,120335
458,260.0,313.66,120335
459,162.0,314.75,120335
460,466.0,317.56,120972
461,19.0,312.75,121547
462,209.0,310.27,121547
463,500.0,314.21,121801
464,500.0,318.73,121801
465,248.0,319.14,122313
466,500.0,319.14,122376
467,410.0,318.24,122952
468,123.0,314.47,123591
469,500.0,314.47,123782
470,342.0,315.97,124294
471,9.0,315.56,124869
472,29.0,315.17,125444
473,172.0,311.89,126083
474,49.0,307.38,126083
475,331.0,309.08,126083
476,500.0,309.08,126336
477,430.0,312.12,126976
478,420.0,312.41,126976
479,143.0,308.91,127550
480,422.0,308.13,128189
481,365.0,311.31,128828
482,193.0,308.49,128828
483,500.0,310.55,129274
484,500.0,314.0,129914
485,420.0,317.62,129914
486,294.0,315.56,130553
487,500.0,319.26,130553
488,220.0,318.46,131128
489,323.0,318.87,131767
490,19.0,318.82,131767
491,500.0,321.26,132085
492,500.0,325.55,132085
493,374.0,325.92,132597
494,23.0,321.15,133236
495,500.0,321.97,133747
496,500.0,325.19,133811
497,422.0,324.41,134515
498,491.0,324.52,134515
499,294.0,325.4,134515
500,243.0,322.83,135152
501,9.0,321.39,135727
502,197.0,318.36,136366
503,500.0,318.36,136877
504,181.0,315.17,137645
505,49.0,312.0,137645
506,97.0,307.97,138283
507,153.0,307.06,139050
508,34.0,306.46,139050
509,343.0,304.89,139752
510,500.0,309.7,140135
511,500.0,309.7,140135
512,77.0,309.91,140647
513,500.0,311.32,140774
514,500.0,311.32,141286
515,500.0,313.73,141862
516,255.0,312.56,142630
517,39.0,310.54,142630
518,500.0,314.18,142630
519,500.0,317.49,142630
520,199.0,318.79,142630
521,485.0,318.64,143331
522,500.0,318.64,143714
523,406.0,320.73,144354
524,500.0,320.73,144801
525,500.0,323.74,145441
526,500.0,328.02,146017
527,500.0,330.22,146465
528,500.0,330.22,147041
529,500.0,332.78,147041
530,500.0,334.72,147617
531,500.0,337.81,147681
532,217.0,334.98,148385
533,83.0,332.91,149024
534,166.0,332.84,149663
535,500.0,332.84,150366
536,500.0,332.84,150942
537,500.0,332.84,150942
538,500.0,337.15,150942
539,500.0,340.28,150942
540,287.0,340.38,150942
541,500.0,340.38,151005
542,10.0,335.48,151581
543,500.0,335.48,152284
544,500.0,338.02,152284
545,500.0,341.44,152924
546,21.0,337.92,152924
547,500.0,337.92,153499
548,500.0,337.92,153499
549,500.0,340.32,153755
550,500.0,340.32,153755
551,500.0,343.12,154267
552,500.0,343.12,154331
553,65.0,343.56,155099
554,423.0,345.77,155866
555,229.0,343.06,156505
556,148.0,342.05,156505
557,500.0,345.98,156823
558,466.0,348.04,157335
559,500.0,351.42,157398
560,500.0,351.76,158038
561,500.0,356.57,158038
562,286.0,357.34,158038
563,192.0,354.26,158741
564,500.0,354.26,158932
565,500.0,356.78,158932
566,266.0,354.44,159636
567,36.0,350.7,159636
568,115.0,350.62,159636
569,334.0,348.96,159636
570,500.0,350.54,160144
571,500.0,355.45,160784
572,40.0,355.56,161488
573,125.0,355.09,161488
574,165.0,356.25,161488
575,500.0,357.94,161869
576,450.0,357.44,162509
577,500.0,358.14,162509
578,500.0,358.94,163084
579,407.0,361.58,163660
580,500.0,362.36,163723
581,500.0,363.71,164043
582,79.0,362.57,164683
583,500.0,362.57,165194
584,500.0,362.57,165770
585,373.0,362.1,166474
586,451.0,363.67,166474
587,500.0,363.67,166474
588,38.0,361.85,167112
589,166.0,360.28,167112
590,349.0,363.58,167112
591,10.0,358.68,167749
592,500.0,358.68,168324
593,41.0,355.35,169092
594,71.0,355.83,169731
595,473.0,355.56,170370
596,500.0,355.56,171009
597,486.0,356.2,171713
598,129.0,352.58,172288
599,500.0,354.64,172735
600,500.0,357.21,173247
601,330.0,360.42,174015
602,500.0,363.45,174590
603,500.0,363.45,174590
604,500.0,366.64,174590
605,76.0,366.91,175230
606,500.0,370.94,175293
607,436.0,373.77,176253
608,206.0,375.49,176253
609,500.0,377.06,176315
610,288.0,374.94,177147
611,500.0,374.94,177402
612,500.0,379.17,177978
613,201.0,376.18,178618
614,500.0,376.18,179001
615,500.0,376.18,179577
616,500.0,378.63,179641
617,428.0,382.52,180281
618,423.0,381.75,180792
619,500.0,381.75,180983
620,368.0,383.44,181559
621,500.0,383.59,181622
622,500.0,383.59,182326
623,500.0,384.53,182902
624,500.0,384.53,182902
625,500.0,384.53,182966
626,331.0,382.84,183670
627,500.0,382.84,184245
628,153.0,379.37,185013
629,500.0,379.37,185460
630,500.0,379.37,185716
631,500.0,379.37,186228
632,500.0,382.2,186292
633,410.0,385.47,186996
634,500.0,388.81,187059
635,179.0,385.6,187699
636,500.0,385.6,187826
637,500.0,385.6,188466
638,500.0,385.6,188786
639,500.0,385.6,189362
640,500.0,387.73,190002
641,500.0,387.73,190002
642,287.0,390.5,190642
643,500.0,390.5,190897
644,500.0,390.5,191601
645,500.0,390.5,191601
646,500.0,395.29,191601
647,500.0,395.29,192113
648,112.0,391.41,192881
649,403.0,390.44,192881
650,500.0,390.44,193455
651,500.0,390.44,193455
652,500.0,390.44,193455
653,500.0,394.79,193839
654,500.0,395.56,194479
655,441.0,397.68,195311
656,500.0,401.2,195630
657,500.0,401.2,195694
658,90.0,397.44,196398
659,327.0,395.71,197165
660,275.0,393.46,197165
661,212.0,390.58,197803
662,500.0,392.72,198442
663,500.0,395.8,198442
664,489.0,395.69,199018
665,296.0,393.65,199721
666,500.0,395.99,200296
667,359.0,399.22,200936
668,500.0,403.07,201063
669,500.0,404.73,201703
670,24.0,399.97,202471
671,500.0,399.97,202982
672,500.0,404.57,203686
673,201.0,405.33,204454
674,226.0,405.94,204454
675,500.0,405.94,204708
676,500.0,406.44,205220
677,389.0,405.33,205860
678,500.0,405.33,205987
679,500.0,406.26,206563
680,500.0,406.26,206563
681,500.0,406.26,206563
682,441.0,409.88,207203
683,500.0,409.88,207266
684,268.0,407.56,208034
685,170.0,405.53,208034
686,500.0,406.02,208288
687,500.0,406.02,209120
688,500.0,410.64,209376
689,33.0,409.31,210144
690,500.0,410.82,210591
691,11.0,410.83,211295
692,500.0,410.83,211614
693,500.0,415.42,212254
694,480.0,419.51,213022
695,500.0,419.78,213533
696,500.0,419.78,213597
697,383.0,418.75,214493
698,500.0,422.46,214876
699,500.0,422.46,214876
700,500.0,422.46,214940
701,300.0,422.16,215580
702,500.0,422.16,215643
703,145.0,418.61,216475
704,500.0,418.61,216986
705,500.0,422.85,217434
706,500.0,422.85,218202
707,500.0,423.49,218266
708,500.0,426.43,218970
709,500.0,426.43,219034
710,500.0,428.55,219674
711,500.0,428.55,219802
712,500.0,428.55,220442
713,500.0,431.54,220762
714,500.0,431.54,221338
715,256.0,429.1,222362
716,224.0,426.34,222362
717,493.0,426.99,223128
718,500.0,427.76,223575
719,500.0,427.76,224087
720,391.0,427.99,224727
721,500.0,427.99,224854
722,500.0,427.99,224854
723,500.0,427.99,225430
724,500.0,427.99,225430
725,500.0,427.99,225430
726,500.0,429.68,225814
727,500.0,429.68,226454
728,21.0,428.36,227158
729,355.0,426.91,227158
730,500.0,426.91,227284
731,500.0,426.91,227604
732,500.0,426.91,227668
733,59.0,423.4,228628
734,500.0,423.4,229139
735,500.0,426.61,229779
736,500.0,426.61,230419
737,500.0,426.61,230419
738,500.0,426.61,230995
739,150.0,423.11,231955
740,500.0,423.11,232274
741,500.0,423.11,233042
742,500.0,425.24,233682
743,500.0,425.24,234450
744,500.0,425.24,234962
745,500.0,425.24,235666
746,500.0,425.24,236434
747,500.0,425.24,236690
748,500.0,429.12,237202
749,500.0,430.09,237842
750,500.0,430.09,238546
751,500.0,430.09,238546
752,500.0,430.09,238546
753,500.0,430.09,239250
754,304.0,428.13,240210
755,500.0,428.72,240273
756,460.0,428.32,241041
757,500.0,428.32,241104
758,500.0,432.42,241360
759,500.0,434.15,242128
760,89.0,432.29,242896
761,500.0,435.17,243279
762,225.0,432.42,244175
763,457.0,431.99,244175
764,500.0,432.1,244237
765,500.0,434.14,245005
766,500.0,434.14,245517
767,500.0,435.55,245581
768,277.0,433.32,246349
769,500.0,433.32,246476
770,500.0,438.08,246860
771,500.0,438.08,246860
772,500.0,438.08,247564
773,500.0,441.07,247628
774,500.0,443.81,248460
775,500.0,443.81,248972
776,500.0,443.81,249420
777,500.0,444.92,250188
778,500.0,444.92,250252
779,500.0,444.92,250956
780,500.0,444.92,251020
781,500.0,444.92,251660
782,50.0,441.01,251660
783,500.0,441.01,251787
784,500.0,443.33,252427
785,500.0,446.63,253323
786,246.0,444.09,254283
787,500.0,444.09,254346
788,500.0,444.09,255114
789,500.0,448.76,255562
790,500.0,448.76,256074
791,489.0,453.54,256714
792,500.0,453.54,256714
793,500.0,453.54,256841
794,500.0,453.74,257417
795,500.0,453.74,257417
796,12.0,448.86,258185
797,500.0,450.03,258440
798,500.0,450.03,259144
799,500.0,450.03,259144
800,500.0,450.03,259272
801,500.0,452.03,259592
802,500.0,452.03,259656
803,430.0,454.88,260552
804,500.0,454.88,261127
805,25.0,450.13,262151
806,175.0,446.88,262151
807,110.0,442.98,262151
808,500.0,442.98,262404
809,500.0,442.98,262404
810,500.0,442.98,262980
811,500.0,442.98,263940
812,500.0,442.98,264260
813,130.0,439.28,265156
814,500.0,439.28,265667
815,272.0,439.44,266371
816,500.0,442.2,266434
817,500.0,442.27,266946
818,500.0,442.27,267650
819,500.0,442.27,268418
820,500.0,443.36,268674
821,61.0,438.97,269570
822,500.0,438.97,269825
823,500.0,438.97,270529
824,500.0,438.97,270529
825,500.0,438.97,271233
826,154.0,435.51,272001
827,500.0,435.51,272192
828,500.0,440.3,272256
829,500.0,441.75,273024
830,500.0,441.75,273088
831,500.0,441.75,273344
832,500.0,441.75,274112
833,468.0,445.84,274112
834,500.0,445.84,274879
835,500.0,445.84,275263
836,500.0,445.84,276159
837,500.0,445.84,276223
838,500.0,445.84,276991
839,500.0,449.34,277503
840,500.0,449.34,277567
841,291.0,447.25,278207
842,500.0,447.25,278334
843,500.0,447.25,278462
844,500.0,447.25,278846
845,500.0,447.25,278846
846,500.0,447.25,279550
847,500.0,447.25,279614
848,454.0,446.79,280702
849,500.0,446.79,281405
850,500.0,446.79,282173
851,500.0,446.79,282237
852,500.0,446.79,283005
853,500.0,446.79,283645
854,500.0,448.75,283773
855,500.0,448.75,284413
856,500.0,449.15,285309
857,500.0,449.15,286269
858,500.0,449.15,286333
859,221.0,446.36,287485
860,500.0,450.47,287548
861,500.0,450.47,288060
862,500.0,453.22,288700
863,500.0,453.65,288700
864,500.0,453.65,289404
865,500.0,453.65,290172
866,500.0,453.65,290428
867,419.0,452.84,291068
868,500.0,455.07,291131
869,500.0,455.07,291131
870,500.0,455.07,291259
871,500.0,455.07,291643
872,361.0,453.68,292667
873,500.0,453.68,293114
874,326.0,451.94,293946
875,500.0,451.94,294137
876,500.0,451.94,294137
877,500.0,451.94,294393
878,500.0,451.94,294393
879,500.0,451.94,294969
880,306.0,450.0,295737
881,500.0,450.0,295928
882,18.0,449.68,297080
883,131.0,445.99,297080
884,500.0,445.99,297142
885,493.0,445.92,297910
886,500.0,448.46,298421
887,500.0,448.46,298933
888,500.0,448.46,299637
889,144.0,444.9,299637
890,500.0,444.9,300404
891,500.0,445.01,300660
892,500.0,445.01,301812
893,500.0,445.01,302516
894,500.0,445.01,302516
895,500.0,445.01,303220
896,500.0,449.89,303988
897,500.0,449.89,304180
898,500.0,449.89,304244
899,500.0,449.89,305012
900,138.0,446.27,305908
901,500.0,446.27,306099
902,500.0,446.27,306099
903,202.0,443.99,306867
904,500.0,443.99,306867
905,500.0,448.74,307250
906,500.0,451.99,308210
907,500.0,455.89,308978
908,500.0,455.89,309490
909,500.0,455.89,309554
910,500.0,455.89,310194
911,500.0,455.89,310322
912,500.0,455.89,310450
913,500.0,459.59,310834
914,500.0,459.59,310834
915,500.0,461.87,311538
916,500.0,461.87,311602
917,500.0,461.87,312690
918,500.0,461.87,313394
919,500.0,461.87,314162
920,500.0,461.87,314226
921,500.0,466.26,314994
922,75.0,462.01,314994
923,500.0,462.01,315633
924,500.0,462.01,315761
925,500.0,462.01,316401
926,500.0,465.47,317297
927,500.0,465.47,318257
928,331.0,463.78,318257
929,500.0,463.78,318320
930,500.0,463.78,319472
931,500.0,463.78,319536
932,500.0,463.78,320048
933,500.0,464.1,320688
934,500.0,464.1,321392
935,500.0,464.1,322160
936,500.0,464.1,323056
937,500.0,464.1,323120
938,500.0,464.1,323120
939,500.0,464.1,323248
940,500.0,464.1,323632
941,500.0,466.19,324656
942,500.0,466.19,325104
943,312.0,464.31,326064
944,500.0,464.31,326127
945,500.0,464.31,326127
946,500.0,464.31,326383
947,500.0,464.31,326383
948,500.0,464.77,326959
949,500.0,464.77,327727
950,25.0,460.02,328559
951,500.0,460.02,329134
952,500.0,460.02,329902
953,500.0,460.02,330414
954,500.0,460.02,330926
955,500.0,460.02,331630
956,500.0,460.02,331630
957,500.0,460.02,332398
958,500.0,460.02,332654
959,500.0,462.81,333806
960,500.0,462.81,334510
961,500.0,462.81,334510
962,500.0,462.81,335214
963,500.0,462.81,335982
964,500.0,462.81,336174
965,500.0,462.81,336238
966,500.0,462.81,337006
967,51.0,459.13,337774
968,500.0,459.13,337901
969,500.0,459.13,338093
970,500.0,459.13,338861
971,500.0,459.13,338861
972,500.0,460.52,339245
973,500.0,460.52,340205
974,500.0,462.26,340973
975,500.0,462.26,341485
976,500.0,462.26,341549
977,154.0,458.8,342253
978,500.0,458.8,342316
979,500.0,458.8,342444
980,500.0,460.74,342828
981,500.0,460.74,342828
982,500.0,465.56,343532
983,500.0,469.25,343596
984,104.0,465.29,344556
985,500.0,465.36,344683
986,500.0,465.36,345387
987,500.0,465.36,346155
988,500.0,465.36,346219
989,500.0,468.92,346987
990,500.0,468.92,346987
991,500.0,468.92,347627
992,500.0,468.92,347755
993,500.0,468.92,348395
994,500.0,468.92,349291
995,500.0,468.92,350251
996,500.0,468.92,350251
997,500.0,468.92,350315
998,238.0,466.3,351403
999,500.0,466.3,351466
1000,500.0,469.92,351530
1001,500.0,469.92,352042
1002,500.0,469.92,352682
1003,500.0,472.9,353386
1004,500.0,472.9,354154
1005,500.0,472.9,355050
1006,500.0,472.9,355114
1007,500.0,472.9,355114
1008,500.0,472.9,355242
1009,500.0,472.9,355626
1010,500.0,472.9,356650
1011,500.0,472.9,357098
1012,500.0,472.9,358058
1013,500.0,472.9,358122
1014,500.0,472.9,358122
1015,500.0,472.9,358378
1016,500.0,472.9,358378
1017,438.0,472.28,359658
1018,500.0,472.28,359721
1019,500.0,472.28,360553
1020,500.0,472.28,361129
1021,500.0,472.28,361897
1022,500.0,476.53,362409
1023,500.0,476.53,362921
1024,500.0,476.53,363625
1025,459.0,476.12,364585
1026,500.0,476.12,364648
1027,180.0,472.92,365672
1028,500.0,474.61,365799
1029,500.0,474.61,366503
1030,500.0,474.61,367975
1031,500.0,474.61,368231
1032,500.0,474.61,368999
1033,500.0,474.61,369767
1034,500.0,474.61,370087
1035,500.0,474.61,370855
1036,500.0,474.61,370855
1037,500.0,474.61,371239
1038,500.0,474.61,372199
1039,500.0,474.61,372967
1040,500.0,474.61,373479
1041,500.0,474.61,373543
1042,500.0,474.61,374247
1043,500.0,476.49,374311
1044,500.0,476.49,374439
1045,500.0,476.49,374823
1046,500.0,476.49,374823
1047,500.0,476.49,375527
1048,500.0,476.49,375591
1049,25.0,471.74,376423
1050,500.0,476.49,376550
1051,500.0,476.49,376678
1052,500.0,476.49,377382
1053,500.0,476.49,378150
1054,500.0,476.49,378214
1055,500.0,476.49,378982
1056,500.0,476.49,378982
1057,500.0,476.49,379622
1058,500.0,476.49,379750
1059,500.0,476.49,380390
1060,500.0,476.49,381286
1061,500.0,476.49,382246
1062,500.0,476.49,382246
1063,500.0,476.49,382310
1064,500.0,476.49,383398
1065,500.0,476.49,383462
1066,500.0,476.49,383526
1067,500.0,480.98,384038
1068,500.0,480.98,384678
1069,500.0,480.98,385382
1070,449.0,480.47,386854
1071,500.0,480.47,387045
1072,500.0,480.47,387109
1073,500.0,480.47,387109
1074,500.0,480.47,387237
1075,500.0,480.47,387621
1076,500.0,480.47,388645
1077,500.0,483.93,389093
1078,500.0,483.93,390053
1079,500.0,483.93,390117
1080,500.0,483.93,390373
1081,500.0,483.93,390373
1082,500.0,483.93,391653
1083,500.0,483.93,391717
1084,500.0,487.89,392549
1085,500.0,487.89,393125
1086,500.0,487.89,393893
1087,500.0,487.89,394405
1088,500.0,487.89,394917
1089,500.0,487.89,395621
1090,500.0,487.89,396581
1091,500.0,487.89,396645
1092,409.0,486.98,397413
1093,500.0,486.98,397668
1094,500.0,486.98,397796
1095,500.0,486.98,398500
1096,500.0,486.98,399972
1097,500.0,486.98,400228
1098,500.0,489.6,400996
1099,500.0,489.6,401764
1100,500.0,489.6,402084
1101,500.0,489.6,402852
1102,500.0,489.6,402852
1103,410.0,488.7,403620
1104,500.0,488.7,404195
1105,500.0,488.7,404963
1106,500.0,488.7,405475
1107,500.0,488.7,405539
1108,500.0,488.7,406243
1109,500.0,488.7,406307
1110,500.0,488.7,406435
1111,500.0,488.7,406819
1112,500.0,488.7,407523
1113,500.0,488.7,407587
1114,500.0,488.7,408419
1115,500.0,488.7,408547
1116,500.0,488.7,408675
1117,97.0,485.29,409827
1118,500.0,485.29,410146
1119,500.0,485.29,410210
1120,500.0,485.29,410978
1121,500.0,485.29,410978
1122,500.0,485.29,411618
1123,500.0,485.29,411746
1124,500.0,485.29,412386
1125,500.0,485.7,413282
1126,500.0,485.7,414242
1127,500.0,488.9,414242
1128,500.0,488.9,414306
1129,500.0,488.9,415394
1130,500.0,488.9,415458
1131,500.0,488.9,415522
1132,500.0,488.9,416034
1133,500.0,488.9,416674
1134,500.0,488.9,417378
1135,261.0,486.51,418466
1136,500.0,486.51,418849
1137,500.0,486.51,419041
1138,500.0,486.51,419105
1139,500.0,486.51,419105
1140,500.0,486.51,419233
1141,500.0,486.51,419617
1142,500.0,486.51,420641
1143,500.0,486.51,421089
1144,135.0,482.86,421921
1145,500.0,482.86,422048
1146,500.0,482.86,422112
1147,500.0,482.86,422368
1148,500.0,482.86,422368
1149,284.0,485.45,423648
1150,500.0,485.45,423648
1151,500.0,485.45,423711
1152,500.0,485.45,424543
1153,500.0,485.45,425119
1154,500.0,485.45,425887
1155,500.0,485.45,426399
1156,500.0,485.45,426911
1157,500.0,485.45,427615
1158,500.0,485.45,428575
1159,500.0,485.45,428639
1160,500.0,485.45,429407
1161,500.0,485.45,429663
1162,500.0,485.45,429791
1163,500.0,485.45,430495
1164,500.0,485.45,431967
1165,500.0,485.45,432223
1166,500.0,485.45,432991
1167,500.0,485.45,434079
1168,500.0,485.45,434847
1169,500.0,485.45,434847
1170,500.0,485.96,436191
1171,500.0,485.96,436959
1172,500.0,485.96,437535
1173,500.0,485.96,438239
1174,500.0,485.96,438303
1175,500.0,485.96,438431
1176,500.0,485.96,438815
1177,500.0,485.96,439519
1178,500.0,485.96,439583
1179,500.0,485.96,440415
1180,500.0,485.96,440543
1181,500.0,485.96,440671
1182,500.0,485.96,441823
1183,500.0,485.96,442143
1184,500.0,485.96,442207
1185,500.0,485.96,442975
1186,500.0,485.96,442975
1187,500.0,485.96,443615
1188,500.0,485.96,443743
1189,500.0,485.96,444383
1190,257.0,483.53,446111
1191,500.0,483.53,446238
1192,500.0,484.44,446238
1193,500.0,484.44,446302
1194,63.0,480.07,447006
1195,500.0,480.07,447389
1196,500.0,480.07,447453
1197,500.0,480.07,447517
1198,500.0,480.07,448029
1199,500.0,480.07,448669
1200,500.0,480.07,449373
1201,500.0,480.07,450461
1202,500.0,480.07,450845
1203,500.0,480.97,451037
1204,500.0,480.97,451101
1205,500.0,480.97,451101
1206,500.0,480.97,451229
1207,500.0,480.97,451613
1208,500.0,480.97,452637
1209,500.0,480.97,453085
1210,500.0,480.97,453917
1211,500.0,480.97,454045
1212,500.0,480.97,454109
1213,500.0,480.97,454365
1214,500.0,480.97,454365
1215,500.0,480.97,455645
1216,500.0,480.97,455645
1217,500.0,485.0,455709
1218,500.0,485.0,456541
1219,500.0,485.0,457117
1220,500.0,485.0,457885
1221,500.0,485.0,458397
1222,500.0,485.0,458909
1223,500.0,485.0,459613
1224,500.0,485.0,460573
1225,500.0,485.0,460637
1226,500.0,485.0,461405
1227,500.0,485.0,461789
1228,500.0,485.0,462493
1229,500.0,485.0,463965
1230,500.0,485.0,464221
1231,500.0,485.0,464989
1232,500.0,485.0,466077
1233,500.0,485.0,466845
1234,500.0,485.0,466845
1235,500.0,487.39,468189
1236,500.0,487.39,468957
1237,500.0,487.39,469533
1238,500.0,487.39,470237
1239,500.0,487.39,470301
1240,500.0,487.39,470429
1241,500.0,487.39,470813
1242,500.0,487.39,471517
1243,500.0,487.39,471581
1244,500.0,491.04,472413
1245,500.0,491.04,472541
1246,500.0,491.04,472669
1247,500.0,491.04,473821
1248,500.0,491.04,474141
1249,500.0,493.2,474205
1250,500.0,493.2,474973
1251,500.0,493.2,475613
1252,500.0,493.2,475741
1253,500.0,493.2,476381
1254,204.0,490.24,478045
1255,500.0,490.24,478108
1256,500.0,490.24,478236
1257,500.0,490.24,478236
1258,500.0,490.24,478300
1259,500.0,490.24,479004
1260,500.0,490.24,479388
1261,500.0,490.24,479452
1262,500.0,490.24,479516
1263,500.0,490.24,480028
1264,500.0,490.24,480668
1265,500.0,490.24,481372
1266,500.0,490.24,482460
1267,500.0,490.24,482844
1268,500.0,490.24,483036
1269,500.0,490.24,483100
1270,500.0,490.24,483100
1271,500.0,490.24,483228
1272,500.0,490.24,483612
1273,500.0,490.24,484636
1274,500.0,490.24,485084
1275,500.0,490.24,485916
1276,500.0,490.24,486044
1277,500.0,490.24,486108
1278,500.0,490.24,486364
1279,500.0,490.24,486364
1280,500.0,490.24,487644
1281,500.0,490.24,487644
1282,500.0,490.24,487708
1283,500.0,490.24,488540
1284,500.0,490.24,489116
1285,500.0,490.24,489884
1286,500.0,490.24,490396
1287,500.0,490.24,490908
1288,500.0,490.24,491612
1289,500.0,490.24,492572
1290,500.0,492.67,492636
1291,500.0,492.67,493404
1292,500.0,492.67,493788
1293,500.0,492.67,494492
1294,500.0,497.04,495964
1295,500.0,497.04,496220
1296,452.0,496.56,497116
1297,500.0,496.56,498075
1298,500.0,496.56,498843
1299,500.0,496.56,498843
1300,426.0,495.82,499675
1301,500.0,495.82,500954
1302,500.0,495.82,501530
1303,500.0,495.82,502234
1304,500.0,495.82,502298
1305,500.0,495.82,502426
1306,500.0,495.82,502810
1307,500.0,495.82,503514
1308,500.0,495.82,503578
1309,500.0,495.82,504538
1310,392.0,494.74,504538
1311,500.0,494.74,504665
1312,500.0,494.74,505817
1313,500.0,494.74,506137
1314,500.0,494.74,506201
1315,500.0,494.74,506969
1316,500.0,494.74,507609
1317,500.0,494.74,507737
1318,500.0,494.74,508377
1319,335.0,493.09,509977
1320,500.0,493.09,510040
1321,500.0,493.09,510104
1322,500.0,493.09,510232
1323,500.0,493.09,510232
1324,500.0,493.09,510296
1325,500.0,493.09,511000
1326,500.0,493.09,511384
1327,500.0,493.09,511512
1328,500.0,493.09,512024
1329,500.0,493.09,512664
1330,500.0,493.09,513368
1331,500.0,493.09,514456
1332,500.0,493.09,514840
1333,500.0,493.09,515032
1334,500.0,493.09,515096
1335,500.0,493.09,515096
1336,500.0,493.09,515224
1337,500.0,493.09,515608
1338,500.0,493.09,516632
1339,500.0,493.09,517080
1340,500.0,493.09,517912
1341,500.0,493.09,518040
1342,500.0,493.09,518104
1343,500.0,493.09,518360
1344,500.0,493.09,518360
1345,209.0,490.18,519576
1346,500.0,490.18,519639
1347,500.0,490.18,519639
1348,500.0,490.18,519703
1349,22.0,485.4,521047
1350,500.0,485.4,521110
1351,500.0,485.4,521878
1352,500.0,485.4,522390
1353,500.0,485.4,522902
1354,500.0,488.36,523606
1355,500.0,488.36,524566
1356,500.0,488.36,524630
1357,500.0,488.36,525398
1358,500.0,488.36,525782
1359,500.0,488.36,526486
1360,500.0,488.36,527958
1361,500.0,488.36,528214
1362,500.0,488.36,529110
1363,500.0,488.36,530070
1364,500.0,488.36,530838
1365,500.0,488.36,530838
1366,500.0,488.36,531670
1367,500.0,488.36,532950
1368,500.0,488.36,533526
1369,500.0,488.36,534230
1370,500.0,488.36,534294
1371,500.0,488.36,534422
1372,500.0,488.36,534806
1373,500.0,488.36,535510
1374,500.0,488.36,535574
1375,500.0,488.36,536534
1376,500.0,488.36,536534
1377,500.0,488.36,536662
1378,500.0,488.36,537814
1379,500.0,488.36,538134
1380,500.0,488.36,538966
1381,500.0,488.36,539606
1382,500.0,488.36,539734
1383,500.0,488.36,540374
1384,500.0,488.36,541974
1385,500.0,488.36,542038
1386,500.0,488.36,542102
1387,500.0,488.36,542230
1388,500.0,488.36,542230
1389,500.0,488.36,542294
1390,500.0,488.36,542998
1391,500.0,488.36,543382
1392,500.0,488.36,543510
1393,500.0,488.36,544022
1394,500.0,488.36,544662
1395,500.0,488.36,545366
1396,500.0,488.84,546454
1397,500.0,488.84,546838
1398,500.0,488.84,547030
1399,500.0,488.84,547094
1400,500.0,489.58,547094
1401,500.0,489.58,547222
1402,500.0,489.58,547606
1403,500.0,489.58,548630
1404,500.0,489.58,549078
1405,500.0,489.58,549910
1406,500.0,489.58,550038
1407,500.0,489.58,550102
1408,500.0,489.58,550358
1409,500.0,489.58,550358
1410,500.0,490.66,551574
1411,500.0,490.66,551638
1412,500.0,490.66,551702
1413,500.0,490.66,553046
1414,500.0,490.66,553110
1415,500.0,490.66,553878
1416,500.0,490.66,554390
1417,500.0,490.66,554902
1418,500.0,490.66,555606
1419,500.0,492.31,556566
1420,500.0,492.31,556630
1421,500.0,492.31,557398
1422,500.0,492.31,557782
1423,500.0,492.31,558486
1424,500.0,492.31,559958
1425,500.0,492.31,560214
1426,500.0,492.31,561110
1427,500.0,492.31,562070
1428,500.0,492.31,562838
1429,500.0,492.31,562838
1430,500.0,492.31,563670
1431,500.0,492.31,564950
1432,500.0,492.31,565526
1433,500.0,492.31,566230
1434,500.0,492.31,566294
1435,500.0,492.31,566422
1436,500.0,492.31,566806
1437,500.0,492.31,567510
1438,500.0,492.31,567574
1439,500.0,492.31,568534
1440,500.0,492.31,568534
1441,500.0,492.31,568662
1442,500.0,492.31,569814
1443,500.0,492.31,570134
1444,500.0,492.31,570966
1445,500.0,495.22,571606
1446,500.0,495.22,571734
1447,500.0,495.22,572374
1448,482.0,495.04,573846
1449,500.0,499.82,573973
1450,500.0,499.82,574037
1451,500.0,499.82,574101
1452,500.0,499.82,574229
1453,500.0,499.82,574229
1454,500.0,499.82,574293
1455,500.0,499.82,575381
1456,500.0,499.82,575509
1457,500.0,499.82,576021
1458,500.0,499.82,576661
1459,500.0,499.82,577365
1460,500.0,499.82,578453
1461,500.0,499.82,578837
1462,500.0,499.82,579029
1463,500.0,499.82,579093
1464,500.0,499.82,579093
1465,500.0,499.82,579221
1466,500.0,499.82,579605
1467,500.0,499.82,580629
1468,500.0,499.82,581077
1469,500.0,499.82,581909
1470,500.0,499.82,582037
1471,500.0,499.82,582101
1472,500.0,499.82,582357
1473,500.0,499.82,582357
1474,116.0,495.98,583445
1475,500.0,495.98,583572
1476,500.0,495.98,583636
1477,500.0,495.98,583700
1478,500.0,495.98,585044
1479,500.0,495.98,585108
1480,500.0,495.98,585876
1481,500.0,495.98,586388
1482,500.0,495.98,586900
1483,500.0,495.98,587604
1484,500.0,495.98,588564
1485,500.0,495.98,588628
1486,500.0,495.98,589396
1487,500.0,495.98,589780
1488,500.0,495.98,590484
1489,500.0,495.98,591956
1490,276.0,493.74,591956
1491,500.0,493.74,592211
1492,500.0,493.74,593107
1493,500.0,493.74,594067
1494,500.0,493.74,594835
1495,500.0,493.74,594835
1496,500.0,493.74,595667
1497,500.0,493.74,596947
1498,500.0,493.74,597523
1499,500.0,493.74,598227
1500,500.0,493.74,598291
1501,500.0,493.74,598419
1502,500.0,493.74,598803
1503,500.0,493.74,599507
1504,500.0,493.74,599571
1505,500.0,493.74,600531
1506,500.0,493.74,600531
1507,500.0,493.74,600659
1508,500.0,493.74,601811
1509,500.0,493.74,602131
1510,500.0,493.74,602963
1511,500.0,493.74,603603
1512,500.0,493.74,603731
1513,500.0,493.74,604371
1514,500.0,493.74,605843
1515,500.0,493.74,605971
1516,500.0,493.74,606035
1517,500.0,493.74,606099
1518,500.0,493.74,606227
1519,500.0,493.74,606227
1520,500.0,493.74,607379
1521,500.0,493.74,607507
1522,500.0,493.74,608659
1523,500.0,493.74,609363
1524,500.0,493.74,610451
1525,500.0,493.74,610835
1526,500.0,493.74,611027
1527,500.0,493.74,611091
1528,500.0,493.74,611091
1529,500.0,493.74,611219
1530,500.0,493.74,611603
1531,500.0,493.74,612627
1532,500.0,493.74,613075
1533,500.0,493.74,613907
1534,500.0,493.74,614035
1535,500.0,493.74,614099
1536,500.0,493.74,614355
1537,500.0,493.74,614355
1538,500.0,493.74,615443
1539,500.0,493.74,615571
1540,500.0,493.74,615635
1541,500.0,493.74,615699
1542,314.0,491.88,617043
1543,500.0,491.88,617043
1544,500.0,491.88,617106
1545,500.0,491.88,617874
1546,500.0,491.88,618386
1547,500.0,491.88,618898
1548,500.0,492.06,619602
1549,500.0,492.06,620562
1550,500.0,492.06,620626
1551,500.0,492.06,621394
1552,500.0,492.06,621778
1553,500.0,492.06,622482
1554,500.0,492.06,623954
1555,500.0,492.06,623954
1556,500.0,492.06,624210
1557,500.0,492.06,625106
1558,500.0,492.06,626066
1559,500.0,492.06,626834
1560,500.0,492.06,626834
1561,500.0,492.06,627666
1562,295.0,490.01,629330
1563,500.0,490.01,629521
1564,500.0,490.01,630225
1565,500.0,490.01,630289
1566,500.0,490.01,630417
1567,500.0,490.01,630801
1568,500.0,490.01,631505
1569,500.0,490.01,631569
1570,500.0,490.01,632529
1571,500.0,490.01,632529
1572,500.0,490.01,632657
1573,500.0,490.01,633809
1574,500.0,493.85,634129
1575,500.0,493.85,634961
1576,500.0,493.85,635601
1577,500.0,493.85,635729
1578,500.0,493.85,636369
1579,500.0,493.85,637841
1580,500.0,493.85,637969
1581,500.0,493.85,638033
1582,500.0,493.85,638097
1583,500.0,493.85,638225
1584,500.0,493.85,638225
1585,500.0,493.85,639377
1586,500.0,493.85,639505
1587,500.0,493.85,640657
1588,500.0,493.85,641361
1589,500.0,493.85,642833
1590,500.0,496.09,643025
1591,500.0,496.09,643089
1592,500.0,496.09,643089
1593,500.0,496.09,643217
1594,500.0,496.09,643601
1595,500.0,496.09,644625
1596,500.0,496.09,645073
1597,500.0,496.09,645905
1598,500.0,496.09,646033
1599,500.0,496.09,646097
1600,500.0,496.09,646353
1601,500.0,496.09,646353
1602,500.0,496.09,647441
1603,500.0,496.09,647569
1604,500.0,496.09,647633
1605,500.0,496.09,647697
1606,500.0,496.09,649041
1607,500.0,496.09,649041
1608,500.0,496.09,649105
1609,500.0,496.09,649873
1610,500.0,496.09,650385
1611,500.0,496.09,650897
1612,500.0,496.09,651601
1613,500.0,496.09,652561
1614,500.0,496.09,652625
1615,500.0,496.09,653393
1616,500.0,496.09,653777
1617,500.0,496.09,654481
1618,84.0,491.93,655761
1619,500.0,491.93,655952
1620,500.0,491.93,655952
1621,500.0,491.93,656208
1622,500.0,491.93,657104
1623,500.0,491.93,658064
1624,500.0,491.93,658832
1625,500.0,491.93,658832
1626,500.0,491.93,659664
1627,337.0,490.3,661072
1628,500.0,490.3,661327
1629,500.0,490.3,661519
1630,500.0,490.3,662223
1631,500.0,490.3,662287
1632,500.0,490.3,662415
1633,500.0,490.3,662799
1634,500.0,490.3,663503
1635,500.0,490.3,663567
1636,500.0,490.3,664527
1637,500.0,490.3,664527
1638,500.0,490.3,664655
1639,500.0,490.3,665807
1640,500.0,490.3,666127
1641,500.0,490.3,666959
1642,500.0,492.16,667599
1643,500.0,492.16,667727
1644,500.0,492.16,668367
1645,500.0,492.16,669839
1646,500.0,492.16,669967
1647,500.0,492.16,670031
1648,500.0,492.16,670095
1649,500.0,492.16,670223
1650,500.0,492.16,670223
1651,500.0,492.16,671375
1652,500.0,492.16,672655
1653,500.0,492.16,673359
1654,500.0,492.16,674831
1655,500.0,492.16,675023
1656,500.0,492.16,675087
1657,500.0,492.16,675087
1658,500.0,492.16,675215
1659,500.0,492.16,675599
1660,500.0,492.16,676623
1661,500.0,492.16,677071
1662,500.0,494.21,677903
1663,500.0,494.21,678031
1664,500.0,494.21,678095
1665,500.0,494.21,678351
1666,500.0,494.21,678351
1667,500.0,494.21,679439
1668,500.0,494.21,679567
1669,500.0,494.21,679631
1670,500.0,494.21,679695
1671,500.0,494.21,681039
1672,500.0,494.21,681039
1673,500.0,494.21,681103
1674,500.0,494.21,681871
1675,500.0,494.21,682895
1676,500.0,494.21,683599
1677,500.0,494.21,684559
1678,500.0,494.21,684623
1679,500.0,494.21,685391
1680,500.0,494.21,685775
1681,500.0,494.21,686479
1682,500.0,494.21,687759
1683,147.0,490.68,687759
1684,500.0,490.68,687950
1685,500.0,490.68,687950
1686,500.0,490.68,688206
1687,500.0,490.68,689102
1688,500.0,490.68,690062
1689,500.0,490.68,690830
1690,500.0,490.68,690830
1691,500.0,490.68,691662
1692,500.0,490.68,693070
1693,500.0,490.68,693326
1694,500.0,490.68,693518
1695,500.0,490.68,694222
1696,500.0,490.68,694286
1697,500.0,490.68,694414
1698,500.0,490.68,694798
1699,500.0,490.68,695502
1700,500.0,490.68,695566
1701,500.0,490.68,696526
1702,500.0,490.68,696526
1703,500.0,490.68,696654
1704,500.0,490.68,697806
1705,500.0,490.68,698126
1706,500.0,490.68,698958
1707,500.0,490.68,699598
1708,500.0,490.68,699726
1709,500.0,490.68,700366
1710,500.0,490.68,701838
1711,500.0,490.68,701966
1712,500.0,490.68,702030
1713,500.0,490.68,702094
1714,500.0,490.68,702222
1715,500.0,490.68,702222
1716,500.0,490.68,703374
1717,500.0,490.68,704654
1718,500.0,494.84,705358
1719,364.0,493.48,706190
1720,500.0,493.48,706829
1721,500.0,493.48,707021
1722,500.0,493.48,707085
1723,500.0,493.48,707085
1724,500.0,493.48,707213
1725,500.0,493.48,707597
1726,500.0,493.48,708621
1727,500.0,495.11,709069
1728,500.0,495.11,709901
1729,500.0,495.11,710029
1730,500.0,495.11,710093
1731,500.0,495.11,710349
1732,500.0,495.11,711437
1733,500.0,495.11,711565
1734,500.0,495.11,711629
1735,500.0,495.11,711693
1736,500.0,495.11,713037
1737,500.0,495.11,713037
1738,500.0,495.11,713101
1739,500.0,495.11,713869
1740,32.0,490.43,715149
1741,500.0,490.43,715596
1742,500.0,490.43,716556
1743,500.0,490.43,716620
1744,500.0,490.43,717388
1745,500.0,490.43,717772
1746,500.0,490.43,718476
1747,500.0,490.43,719756
1748,500.0,490.43,719756
1749,500.0,490.43,719948
1750,500.0,490.43,719948
1751,500.0,490.43,720204
1752,500.0,490.43,721100
1753,500.0,490.43,722060
1754,500.0,490.43,722828
1755,500.0,490.43,722828
1756,500.0,490.43,723660
1757,500.0,490.43,725068
1758,500.0,490.43,725324
1759,500.0,490.43,725516
1760,500.0,490.43,726220
1761,500.0,490.43,726284
1762,500.0,490.43,726412
1763,500.0,490.43,726796
1764,500.0,490.43,727500
1765,500.0,490.43,727564
1766,500.0,490.43,728524
1767,500.0,490.43,728524
1768,500.0,490.43,728652
1769,500.0,490.43,729804
1770,500.0,490.43,730124
1771,500.0,490.43,730956
1772,500.0,490.43,731596
1773,500.0,490.43,731724
1774,500.0,490.43,732364
1775,500.0,490.43,733836
1776,500.0,490.43,733964
1777,500.0,490.43,734028
1778,500.0,490.43,734092
1779,500.0,490.43,734220
1780,500.0,490.43,734220
1781,500.0,490.43,735372
1782,500.0,490.43,736652
1783,500.0,493.96,737356
1784,500.0,493.96,738188
1785,500.0,493.96,738828
1786,500.0,493.96,739020
1787,500.0,493.96,739084
1788,500.0,493.96,739084
1789,500.0,493.96,739212
1790,500.0,493.96,739596
1791,500.0,493.96,740620
1792,500.0,493.96,741068
1793,500.0,493.96,741900
1794,500.0,493.96,742028
1795,500.0,493.96,742092
1796,500.0,493.96,742348
1797,500.0,493.96,743436
1798,500.0,493.96,743564
1799,500.0,493.96,743628
1800,500.0,493.96,743692
1801,500.0,493.96,745036
1802,500.0,493.96,745036
1803,500.0,493.96,745868
1804,500.0,493.96,747148
1805,500.0,493.96,747596
1806,500.0,493.96,748556
1807,500.0,493.96,748620
1808,500.0,493.96,749388
1809,500.0,493.96,749772
1810,500.0,493.96,750476
1811,500.0,493.96,751756
1812,500.0,493.96,751756
1813,500.0,493.96,751948
1814,500.0,493.96,751948
1815,500.0,493.96,752204
1816,500.0,493.96,753100
1817,500.0,493.96,754060
1818,500.0,493.96,754828
1819,500.0,495.32,754828
1820,500.0,495.32,755660
1821,232.0,492.64,756748
1822,500.0,492.64,757067
1823,500.0,492.64,757323
1824,500.0,492.64,757515
1825,500.0,492.64,758219
1826,500.0,492.64,758283
1827,500.0,492.64,758411
1828,500.0,492.64,758795
1829,500.0,492.64,759499
1830,500.0,492.64,759563
1831,500.0,492.64,760523
1832,500.0,492.64,760523
1833,500.0,492.64,760651
1834,500.0,492.64,761803
1835,500.0,492.64,762123
1836,500.0,492.64,762955
1837,500.0,492.64,763595
1838,500.0,492.64,763723
1839,500.0,492.64,764363
1840,500.0,497.32,765835
1841,500.0,497.32,765963
1842,500.0,497.32,766027
1843,500.0,497.32,766091
1844,500.0,497.32,766219
1845,500.0,497.32,766219
1846,500.0,497.32,767371
1847,500.0,497.32,768651
1848,500.0,497.32,769355
1849,500.0,497.32,770187
1850,500.0,497.32,770827
1851,500.0,497.32,771019
1852,500.0,497.32,771083
1853,500.0,497.32,771083
1854,500.0,497.32,771211
1855,500.0,497.32,771595
1856,500.0,497.32,772619
1857,500.0,497.32,773067
1858,500.0,497.32,774027
1859,500.0,497.32,774091
1860,500.0,497.32,774347
1861,500.0,497.32,775435
1862,500.0,497.32,775563
1863,500.0,497.32,775627
1864,500.0,497.32,775691
1865,500.0,497.32,777035
1866,500.0,497.32,777035
1867,500.0,497.32,777867
1868,500.0,497.32,779147
1869,500.0,497.32,779595
1870,500.0,497.32,780555
1871,500.0,497.32,780619
1872,500.0,497.32,781387
1873,500.0,497.32,781771
1874,500.0,497.32,782475
1875,500.0,497.32,783755
1876,500.0,497.32,783755
1877,500.0,497.32,783947
1878,500.0,497.32,783947
1879,500.0,497.32,784203
1880,500.0,497.32,785099
1881,500.0,497.32,786059
1882,500.0,497.32,786827
1883,500.0,497.32,786827
1884,500.0,497.32,787659
1885,500.0,497.32,788747
1886,500.0,497.32,789067
1887,500.0,497.32,789323
1888,500.0,497.32,789515
1889,500.0,497.32,790219
1890,500.0,497.32,790283
1891,500.0,497.32,790411
1892,500.0,497.32,790795
1893,500.0,497.32,791499
1894,500.0,497.32,791563
1895,500.0,497.32,792523
1896,500.0,497.32,792523
1897,500.0,497.32,792651
1898,500.0,497.32,793803
1899,500.0,497.32,794123
1900,500.0,497.32,794955
1901,500.0,497.32,795595
1902,500.0,497.32,795723
1903,500.0,497.32,796363
1904,500.0,497.32,797835
1905,500.0,497.32,797963
1906,500.0,497.32,798027
1907,500.0,497.32,798091
1908,500.0,497.32,798219
1909,500.0,497.32,798219
1910,500.0,497.32,799371
1911,500.0,497.32,800651
1912,500.0,497.32,801355
1913,500.0,497.32,802187
1914,500.0,497.32,802827
1915,500.0,497.32,803019
1916,500.0,497.32,803083
1917,500.0,497.32,803083
1918,500.0,497.32,803211
1919,500.0,497.32,803595
1920,500.0,497.32,804619
1921,500.0,500.0,805067
1922,500.0,500.0,806027
1923,500.0,500.0,806091
1924,500.0,500.0,806347
1925,500.0,500.0,807435
1926,500.0,500.0,807563
1927,500.0,500.0,807627
1928,500.0,500.0,807691
1929,500.0,500.0,809035
1930,500.0,500.0,809035
1931,500.0,500.0,809867
1932,500.0,500.0,811147
1933,500.0,500.0,811595
1934,500.0,500.0,812555
1935,500.0,500.0,812619
1936,500.0,500.0,813387
1937,500.0,500.0,813771
1938,500.0,500.0,814475
1939,500.0,500.0,815755
1940,500.0,500.0,815755
1941,500.0,500.0,815947
1942,500.0,500.0,815947
1943,500.0,500.0,816203
1944,500.0,500.0,817099
1945,500.0,500.0,818059
1946,500.0,500.0,818827
1947,500.0,500.0,818827
1948,500.0,500.0,819659
1949,500.0,500.0,820747
1950,500.0,500.0,821067
1951,500.0,500.0,821323
1952,500.0,500.0,821515
1953,500.0,500.0,822219
1954,500.0,500.0,822283
1955,500.0,500.0,822411
1956,500.0,500.0,822795
1957,500.0,500.0,823499
1958,500.0,500.0,823563
1959,500.0,500.0,824523
1960,500.0,500.0,824523
1961,500.0,500.0,824651
1962,500.0,500.0,825803
1963,500.0,500.0,826123
1964,500.0,500.0,826955
1965,500.0,500.0,827595
1966,500.0,500.0,827723
1967,500.0,500.0,828363
1968,500.0,500.0,829835
1969,500.0,500.0,829963
1970,500.0,500.0,830027
1971,500.0,500.0,830091
1972,500.0,500.0,830219
1973,500.0,500.0,830219
1974,500.0,500.0,831371
1975,500.0,500.0,832651
1976,500.0,500.0,833355
1977,500.0,500.0,834187
1978,500.0,500.0,834827
1979,500.0,500.0,835019
1980,500.0,500.0,835083
1981,500.0,500.0,835083
1982,500.0,500.0,835211
1983,500.0,500.0,835595
1984,500.0,500.0,836619
1985,500.0,500.0,837067
1986,500.0,500.0,838027
1987,500.0,500.0,838091
1988,500.0,500.0,838347
1989,500.0,500.0,839435
1990,500.0,500.0,839563
1991,500.0,500.0,839627
1992,500.0,500.0,839691
1993,500.0,500.0,841035
1994,500.0,500.0,841035
1995,500.0,500.0,841867
1996,500.0,500.0,843147
1997,500.0,500.0,843595
1998,500.0,500.0,844555
1999,500.0,500.0,844619
2000,500.0,500.0,845387
2001,500.0,500.0,845771
2002,500.0,500.0,846475
2003,500.0,500.0,847755
2004,500.0,500.0,847755
2005,500.0,500.0,847947
2006,500.0,500.0,847947
2007,500.0,500.0,848203
2008,500.0,500.0,849099
2009,500.0,500.0,850059
2010,500.0,500.0,850827
2011,500.0,500.0,850827
2012,500.0,500.0,851659
2013,500.0,500.0,852747
2014,500.0,500.0,853067
2015,500.0,500.0,853323
2016,500.0,500.0,853515
2017,500.0,500.0,854219
2018,500.0,500.0,854283
2019,500.0,500.0,854411
2020,500.0,500.0,854795
2021,500.0,500.0,855499
2022,500.0,500.0,855563
2023,500.0,500.0,856523
2024,500.0,500.0,856523
2025,500.0,500.0,856651
2026,500.0,500.0,857803
2027,500.0,500.0,858123
2028,500.0,500.0,858955
2029,500.0,500.0,859595
2030,500.0,500.0,859723
2031,500.0,500.0,860363
2032,500.0,500.0,861835
2033,500.0,500.0,861963
2034,500.0,500.0,862027
2035,500.0,500.0,862091
2036,500.0,500.0,862219
2037,500.0,500.0,862219
2038,500.0,500.0,863371
2039,500.0,500.0,864651
2040,500.0,500.0,865355
2041,500.0,500.0,866187
2042,500.0,500.0,866827
2043,500.0,500.0,867019
2044,500.0,500.0,867083
2045,500.0,500.0,867083
2046,500.0,500.0,867211
2047,500.0,500.0,867595
2048,500.0,500.0,868619
2049,500.0,500.0,869067
2050,500.0,500.0,870027
2051,500.0,500.0,870091
2052,500.0,500.0,870347
2053,500.0,500.0,871435
2054,500.0,500.0,871563
2055,500.0,500.0,871627
2056,500.0,500.0,871691
2057,500.0,500.0,873035
2058,500.0,500.0,873035
2059,500.0,500.0,873867
2060,500.0,500.0,875147
2061,500.0,500.0,875595
2062,500.0,500.0,876555
2063,500.0,500.0,876619
2064,500.0,500.0,877387
2065,500.0,500.0,877771
2066,500.0,500.0,878475
2067,500.0,500.0,879755
2068,500.0,500.0,879755
2069,500.0,500.0,879947
2070,500.0,500.0,879947
2071,500.0,500.0,880203
2072,500.0,500.0,881099
2073,500.0,500.0,882059
2074,500.0,500.0,882827
2075,500.0,500.0,882827
2076,500.0,500.0,883659
2077,500.0,500.0,884747
2078,500.0,500.0,885067
2079,500.0,500.0,885323
2080,500.0,500.0,885515
2081,500.0,500.0,886219
2082,500.0,500.0,886283
2083,500.0,500.0,886411
2084,500.0,500.0,886795
2085,500.0,500.0,887499
2086,500.0,500.0,887563
2087,500.0,500.0,888523
2088,500.0,500.0,888523
2089,500.0,500.0,888651
2090,500.0,500.0,889803
2091,500.0,500.0,890123
2092,500.0,500.0,890955
2093,500.0,500.0,891595
2094,500.0,500.0,891723
2095,500.0,500.0,892363
2096,500.0,500.0,893835
2097,500.0,500.0,893963
2098,500.0,500.0,894027
2099,500.0,500.0,894091
2100,500.0,500.0,894219
2101,500.0,500.0,894219
2102,500.0,500.0,895371
2103,500.0,500.0,896651
2104,500.0,500.0,897355
2105,500.0,500.0,898187
2106,500.0,500.0,898827
2107,500.0,500.0,899019
2108,500.0,500.0,899083
2109,500.0,500.0,899083
2110,500.0,500.0,899211
2111,500.0,500.0,899595
2112,500.0,500.0,900619
2113,500.0,500.0,901067
2114,500.0,500.0,902027
2115,500.0,500.0,902091
2116,500.0,500.0,902347
2117,500.0,500.0,903435
2118,500.0,500.0,903563
2119,500.0,500.0,903627
2120,500.0,500.0,903691
2121,500.0,500.0,905035
2122,500.0,500.0,905035
2123,500.0,500.0,905867
2124,500.0,500.0,907147
2125,500.0,500.0,907595
2126,500.0,500.0,908555
2127,500.0,500.0,908619
2128,500.0,500.0,909387
2129,500.0,500.0,909771
2130,500.0,500.0,910475
2131,500.0,500.0,911755
2132,500.0,500.0,911755
2133,500.0,500.0,911947
2134,500.0,500.0,911947
2135,500.0,500.0,912203
2136,500.0,500.0,913099
2137,500.0,500.0,914059
2138,500.0,500.0,914827
2139,500.0,500.0,914827
2140,500.0,500.0,915659
2141,500.0,500.0,916747
2142,500.0,500.0,917067
2143,500.0,500.0,917323
2144,500.0,500.0,917515
2145,500.0,500.0,918219
2146,500.0,500.0,918283
2147,500.0,500.0,918411
2148,500.0,500.0,918795
2149,500.0,500.0,919499
2150,500.0,500.0,919563
2151,500.0,500.0,920523
2152,500.0,500.0,920523
2153,500.0,500.0,920651
2154,500.0,500.0,921803
2155,500.0,500.0,922123
2156,500.0,500.0,922955
2157,500.0,500.0,923595
2158,500.0,500.0,923723
2159,500.0,500.0,924363
2160,500.0,500.0,925835
2161,500.0,500.0,925963
2162,500.0,500.0,926027
2163,500.0,500.0,926091
2164,500.0,500.0,926219
2165,500.0,500.0,926219
2166,500.0,500.0,927371
2167,500.0,500.0,928651
2168,500.0,500.0,929355
2169,500.0,500.0,930187
2170,500.0,500.0,930827
2171,500.0,500.0,931019
2172,500.0,500.0,931083
2173,500.0,500.0,931083
2174,500.0,500.0,931211
2175,500.0,500.0,931595
2176,500.0,500.0,932619
2177,500.0,500.0,933067
2178,500.0,500.0,934027
2179,500.0,500.0,934091
2180,500.0,500.0,934347
2181,500.0,500.0,935435
2182,500.0,500.0,935563
2183,500.0,500.0,935627
2184,500.0,500.0,935691
2185,500.0,500.0,937035
2186,500.0,500.0,937035
2187,500.0,500.0,937867
2188,500.0,500.0,939147
2189,500.0,500.0,939595
2190,500.0,500.0,940555
2191,500.0,500.0,940619
2192,500.0,500.0,941387
2193,500.0,500.0,941771
2194,500.0,500.0,942475
2195,500.0,500.0,943755
2196,500.0,500.0,943755
2197,500.0,500.0,943947
2198,500.0,500.0,943947
2199,500.0,500.0,944203
2200,500.0,500.0,945099
2201,500.0,500.0,946059
2202,500.0,500.0,946827
2203,500.0,500.0,946827
2204,500.0,500.0,947659
2205,500.0,500.0,948747
2206,500.0,500.0,949067
2207,500.0,500.0,949323
2208,500.0,500.0,949515
2209,500.0,500.0,950219
2210,500.0,500.0,950283
2211,500.0,500.0,950411
2212,500.0,500.0,950795
2213,500.0,500.0,951499
2214,500.0,500.0,951563
2215,500.0,500.0,952523
2216,500.0,500.0,952523
2217,500.0,500.0,952651
2218,500.0,500.0,953803
2219,500.0,500.0,954123
2220,500.0,500.0,954955
2221,500.0,500.0,955595
2222,500.0,500.0,955723
2223,500.0,500.0,956363
2224,500.0,500.0,957835
2225,500.0,500.0,957963
2226,500.0,500.0,958027
2227,500.0,500.0,958091
2228,500.0,500.0,958219
2229,500.0,500.0,958219
2230,500.0,500.0,959371
2231,500.0,500.0,960651
2232,500.0,500.0,961355
2233,500.0,500.0,962187
2234,500.0,500.0,962827
2235,500.0,500.0,963019
2236,500.0,500.0,963083
2237,500.0,500.0,963083
2238,500.0,500.0,963211
2239,500.0,500.0,963595
2240,500.0,500.0,964619
2241,500.0,500.0,965067
2242,500.0,500.0,966027
2243,500.0,500.0,966091
2244,500.0,500.0,966347
2245,500.0,500.0,967435
2246,500.0,500.0,967563
2247,500.0,500.0,967627
2248,500.0,500.0,967691
2249,500.0,500.0,969035
2250,500.0,500.0,969035
2251,500.0,500.0,969867
2252,500.0,500.0,971147
2253,500.0,500.0,971595
2254,500.0,500.0,972555
2255,500.0,500.0,972619
2256,500.0,500.0,973387
2257,500.0,500.0,973771
2258,500.0,500.0,974475
2259,500.0,500.0,975755
2260,500.0,500.0,975755
2261,500.0,500.0,975947
2262,500.0,500.0,975947
2263,500.0,500.0,976203
2264,500.0,500.0,977099
2265,500.0,500.0,978059
2266,500.0,500.0,978827
2267,500.0,500.0,978827
2268,500.0,500.0,979659
2269,500.0,500.0,980747
2270,500.0,500.0,981067
2271,500.0,500.0,981323
2272,500.0,500.0,981515
2273,500.0,500.0,982219
2274,500.0,500.0,982283
2275,500.0,500.0,982411
2276,500.0,500.0,982795
2277,500.0,500.0,983499
2278,500.0,500.0,983563
2279,500.0,500.0,984523
2280,500.0,500.0,984523
2281,500.0,500.0,984651
2282,500.0,500.0,985803
2283,500.0,500.0,986123
2284,500.0,500.0,986955
2285,500.0,500.0,987595
2286,500.0,500.0,987723
2287,500.0,500.0,988363
2288,500.0,500.0,989835
2289,500.0,500.0,989963
2290,500.0,500.0,990027
2291,500.0,500.0,990091
2292,500.0,500.0,990219
2293,500.0,500.0,990219
2294,500.0,500.0,991371
2295,500.0,500.0,992651
2296,500.0,500.0,993355
2297,500.0,500.0,994187
2298,500.0,500.0,994827
2299,500.0,500.0,995019
2300,500.0,500.0,995083
2301,500.0,500.0,995083
2302,500.0,500.0,995211
2303,500.0,500.0,995595
2304,500.0,500.0,996619
2305,500.0,500.0,997067
2306,500.0,500.0,998027
2307,500.0,500.0,998091
2308,500.0,500.0,998347
2309,500.0,500.0,999435
2310,500.0,500.0,999563
2311,500.0,500.0,999627
2312,500.0,500.0,999691
